<aiml version="1.0.1" encoding="UTF-8">

<!-- Greetings and Politeness -->
<category> <pattern> HELLO </pattern>
  <template>
	<random>
		<li>HELLO! How are you?</li>
		<li>Hey!</li>
		<li>Hi!</li>
	</random>
  </template>  
</category>

<category> <pattern> HELLO * </pattern>
  <template><srai>HELLO</srai></template> </category>

<category> <pattern> HI *</pattern>
  <template><srai>HELLO</srai></template> </category>

<category> <pattern> HEY *</pattern>
  <template><srai>HELLO</srai></template> </category>
  
<category> <pattern> HOW ARE YOU </pattern>
  <template>I'm functioning within normal parameters, thanks for asking.</template></category>

<category><pattern> I AM FINE </pattern>
  <template>That's good to know. What would you like to discuss about TV shows?</template></category>
  
  <category><pattern> I AM GOOD </pattern>
  <template>That's good to know. What would you like to discuss about TV shows?</template></category>

<category><pattern> BYE </pattern>
  <template>Bye! Nice talking to you. You take care now.</template></category>

<category><pattern> GOODBYE </pattern>
  <template><srai>BYE</srai></template></category>

<category><pattern> EXIT </pattern>
  <template><srai>BYE</srai></template></category>

<category> <pattern> THANKS </pattern>
  <template>
	<random>
		<li>You are welcome.</li>
		<li>No probs!</li>
		<li>No worries :)</li>
	</random>
  </template>
</category>

<category> <pattern> THANK YOU </pattern>
  <template><srai>THANKS</srai></template></category>

<category> <pattern> CHEERS </pattern>
  <template><srai>THANKS</srai></template></category>

<category> <pattern> CHEERS * </pattern>
  <template><srai>THANKS</srai></template></category>
  
  <category><pattern>DO YOU HAVE ANY RECOMMENDATIONS </pattern>
  <template>
	<random>
		<li>Breaking Bad is fantastic. </li>
		<li>Game of Thrones, though you might wanna skip the last few seasons ;)</li>
		<li>The Sopranos is a classic!</li>
	</random>
  </template></category>

<category><pattern> TELL ME YOUR FAVOURITE TV SHOW </pattern>
  <template>I really like Two and a Half Men. What about you? <star/></template></category>
  
 <category><pattern> SOUNDS GOOD </pattern>
  <template>You should give it a watch!</template></category>
 
<category><pattern> TELL ME MY FAVOURITE TV SHOW </pattern>
  <template>Your favourite show is <get name="show"/>!</template></category>
  
<category><pattern> I LOVE * </pattern>
  <template>Wow <set name="show"><star/></set> is great!</template></category>
  
<!-- Show image -->
<category><pattern> CAN YOU SHOW ME AN IMAGE </pattern>
  <template>#2$</template></category>
 
<!--- Wikipedia API -->
<category><pattern> TELL ME ABOUT * </pattern>
  <template>#1$<star index="1"/></template></category>

<category><pattern> DEFINE * </pattern>
  <template><srai> TELL ME ABOUT * <star/></srai></template></category>

<category><pattern> WHO IS * </pattern>
  <template><srai> TELL ME ABOUT * <star/></srai></template></category>

<!-- Default reaction -->
<category><pattern> * </pattern>
  <template>#99$<star index="1"/></template></category>

</aiml>
